species,category
Abelmoschus manihot,DD
Abelmoschus moschatus,LC
Abies alba,LC
Abies amabilis,LC
Abies balsamea,LC
Abies cephalonica,LC
Abies concolor,LC
Abies grandis,LC
Abies lasiocarpa,LC
Abies magnifica,LC
Abies nordmanniana,LC
Abies pindrow,LC
Abies pinsapo,EN
Abies procera,LC
Acacia angustissima,LC
Acacia aulacocarpa,LC
Acacia auriculiformis,LC
Acacia caven,LC
Acacia cochliacantha,LC
Acacia confusa,LC
Acacia crassa,LC
Acacia dealbata,LC
Acacia dentifera,LC
Acacia disparrima,LC
Acacia falcata,LC
Acacia farnesiana,LC
Acacia greggii,LC
Acacia greggii?,LC
Acacia harpophylla,LC
Acacia karroo,LC
Acacia leiocalyx,LC
Acacia longifolia,LC
Acacia macracantha,LC
Acacia mangium,LC
Acacia mellifera,LC
Acacia negrii,NT
Acacia nilotica,LC
Acacia oswaldii,LC
Acacia polyacantha,LC
Acacia pycnantha,LC
Acacia senegal,LC
Acacia spectabilis,LC
Acacia tortilis,LC
Acacia xanthophlea(Benth.),LC
Acca sellowiana,LC
Acer campestre,LC
Acer carpinifolium,LC
Acer glabrum,LC
Acer japonicum,LC
Acer macrophyllum,LC
Acer mono,LC
Acer monspessulanum,LC
Acer negundo,LC
Acer opalus,LC
Acer palmatum,LC
Acer pensylvanicum,LC
Acer platanoides,LC
Acer pseudoplatanus,LC
Acer rubrum,LC
Acer saccharinum,LC
Acer saccharum,LC
Acer shirasawanum,LC
Acer tataricum,LC
Aceria truncata,LC
Achillea crithmifolia,LC
Achillea millefolium,LC
Achillea ptarmica,LC
Aconitum degenii,LC
Aconitum napellus,LC
Acorus calamus,LC
Acronychia pedunculata,LC
Actinodaphne wightiana,LC
Adenium obesum,LC
Adenocarpus foliolosus,LC
Adesmia radicifolia,LC
Adinandra integerrima,LC
Aeginetia indica,LC
Aegiphila mollis,LC
Aegle marmelos,NT
Aeschynomene indica,LC
Aesculus californica,LC
Aesculus glabra,LC
Aesculus hippocastanum,VU
Aesculus parviflora,LC
Aesculus pavia,LC
Aeshna cyanea,LC
Aeshna mixta,LC
Aetobatus narinari,EN
Afromorus mesozygia,LC
Agarista salicifolia,LC
Agave lechuguilla,LC
Ageratina havanensis,LC
Aglaia lawii,LC
Aglaia spectabilis,LC
Agropyron junceiforme,LC
Agrostis canina,LC
Agrostis stolonifera,LC
Aidia densiflora,LC
Ailanthus altissima,LC
Alangium platanifolium,LC
Albizia chinensis,LC
Albizia coriaria,LC
Albizia falcataria,LC
Albizia gummifera,LC
Albizia lebbeck,LC
Albizia lebbek,LC
Albizia lebbekoides,LC
Albizia odoratissima,LC
Albizia procera,LC
Albizia saman,LC
Albizia saponaria,LC
Albizia zygia,LC
Alces alces,LC
Alchemilla xanthochlora,LC
Alchornea grandiflora,LC
Alectryon ramiflorus,EN
Aleurites moluccana,LC
Aleurites montana,LC
Alisma plantago-aquatica,LC
Allium ampeloprasum,LC
Allium atrosanguineum,LC
Allium ericetorum,DD
Allium exile,LC
Allium insubricum,DD
Allium mongolicum,LC
Allium narcissiflorum,DD
Allium ramosum,LC
Allium schoenoprasum,LC
Allium sipyleum,LC
Allium suaveolens,LC
Allium thunbergii,DD
Allium triquetrum,LC
Alnus alnobetula,LC
Alnus cordata,LC
Alnus glutinosa,LC
Alnus hirsuta,LC
Alnus incana,LC
Alnus nepalensis,LC
Alnus oblongifolia,LC
Alnus rhombifolia,LC
Alnus rubra,LC
Alnus serrulata,LC
Alnus viridis,LC
Aloe arborescens,LC
Aloe secundiflora,LC
Alopecurus aequalis,LC
Alopecurus magellanicus,LC
Alosa pseudoharengus,LC
Aloysia virgata,LC
Alseodaphne owdeni,VU
Alseodaphne semecarpifolia,LC
Alstonia boonei,LC
Alstonia macrophylla,LC
Alstonia scholaris,LC
Alvaradoa amorphoides,LC
Amelanchier alnifolia,LC
Amelanchier arborea,LC
Amelanchier canadensis,LC
Ameles heldreichi,LC
Amherstia nobilis,EW
Amomyrtus meli,LC
Amorpha californica,LC
Amyris balsamifera,LC
Amyris elemifera,LC
Anacamptis palustris,LC
Anacardium giganteum,LC
Anacardium occidentale,LC
Anagyris foetida,LC
Anaphaeis aurota,LC
Anax ephippiger,LC
Anax imperator,LC
Anax junius,LC
Anaxagorea luzonensis,LC
Anchoa hepsetus,LC
Anchoa ischana,LC
Anchoa lyolepis,LC
Anchoa nasus,LC
Ancylus fluviatilis,LC
Andrena afrensis,DD
Andrena anthrisci,LC
Andrena barbareae,DD
Andrena bucephala,DD
Andrena freygessneri,DD
Andrena fulva,DD
Andrena fulvata,DD
Andrena montana,DD
Andrena nuptialis,LC
Andrena pareklisiae,DD
Andrena pellucens,DD
Andrena rhenana,DD
Andrena rogenhoferi,LC
Andrena semilaevis,DD
Andrena solenopalpa,DD
Andrena suerinensis,DD
Andromeda polifolia,LC
Angelica atropurpurea,LC
Angelica silvestris,LC
Angelica sylvestris,LC
Angophora hispida,NT
Anisus septemgyratus,LC
Anisus vorticulus,DD
Annona glabra,LC
Annona laevigata,LC
Annona muricata,LC
Annona reticulata,LC
Annona senegalensis,LC
Annona squamosa,LC
Anoplocapros inermis,LC
Anser albifrons,LC
Antheraea polyphemus,LC
Anthophora alluaudi,LC
Anthophora balearica,DD
Anthophora dalmatica,DD
Anthophora orotavae,DD
Anthophora punctilabris,DD
Anthyllis hystrix,LC
Antirhea borbonica,LC
Aphloia theiformis,LC
Aphyllanthes monspeliensis,LC
Apis unicolor,LC
Apium graveolens,LC
Apium nodiflorum,LC
Apodemus agrarius,LC
Apodemus flavicollis,LC
Apodytes dimidiata,LC
Aptychotrema rostrata,LC
Aquilegia alpina,LC
Arachnothryx leucophylla,LC
Aragalus lamberti,LC
Aralia elata,LC
Aralta elata,LC
Arbutus menziesii,LC
Arbutus unedo,LC
Arbutus xalapensis,LC
Archilochus colubris,LC
Architeuthis dux,LC
Archon apollinus,NT
Arctostaphylos columbiana,LC
Arctostaphylos glauca,LC
Arctostaphylos pungens,LC
Arctostaphylos viscida,LC
Arctozenus risso,LC
Ardisia elliptica,LC
Ardisia quinquegona,LC
Ardisia sapida,NT
Ardisia sieboldii,LC
Areca catechu,LC
Arenga saccharifera,LC
Argentina anserina,LC
Argyrosomus hololepidotus,DD
Argyrosomus japonicus,EN
Arion circumscriptus,LC
Arion distinctus,LC
Arion fasciatus,LC
Arion fuscus,LC
Arion hortensis,LC
Arion intermedius,LC
Arion obesoductus,LC
Arion rufus,LC
Arion silvaticus,LC
Arion subfuscus,LC
Arion vulgaris,LC
Aristolochia paucinervis,LC
Aristolochia trilobata,LC
Aristotelia chilensis,LC
Armoracia lapathifolia,LC
Armoracia rusticana,LC
Arnica montana,LC
Artemisia eriantha,LC
Artemisia genipi,LC
Artocarpus integrifolia,LC
Asclepias exaltata,LC
Asclepias incarnata,LC
Asclepias syriaca,LC
Asimina obovata,LC
Asimina parviflora,LC
Asimina triloba,LC
Asparagus acutifolius,LC
Asparagus aphyllus,LC
Asparagus officinalis,LC
Asparagus tenuifolius,LC
Asphodelus aestivus,LC
Asphodelus fistulosus,LC
Aspidosperma pyrifolium,LC
Aspidosperma quebracho-blanco,LC
Astacus astacus,VU
Astragalus ammodendron,LC
Astragalus crassicarpus,LC
Astragalus crotalariae,LC
Astragalus didymocarpus,LC
Astragalus flexuosus,LC
Astragalus lentiginosus,LC
Astragalus leontinus,LC
Astragalus miser,LC
Astragalus whitneyi,LC
Astrocaryum vulgare,LC
Atalantia monophylla,LC
Ateuchetus laticollis,LC
Ateuchus squalidus,VU
Atherinomorus stipes,LC
Atherosperma moschatum,LC
Atrophaneura alcinous,LC
Atrophaneura laos,NT
Attalea funifera,LC
Attalea maripa,LC
Attalea speciosa,LC
Austropotamobius pallipes,EN
Austropotamobius torrentium,DD
Auxis rochei,LC
Avena fatua,LC
Avena sterilis,LC
Avena strigosa,DD
Averrhoa bilimbi,LC
Averrhoa carambola,DD
Avicennia germinans,LC
Azadirachta excelsa,LC
Azima tetracantha,LC
Azorina vidalii,EN
Baccaurea ramiflora,LC
Baccharis halimifolia,LC
Baccharoides lasiopus,LC
Bactris gasipaes,LC
Baeolophus bicolor,LC
Bagre marinus,LC
Bairdiella chrysoura,LC
Balfourodendron riedelianum,EN
Banksia marginata,LC
Barbarea bracteosa,DD
Barbarea verna,DD
Barbitistes ocskayi,LC
Baronia brevicornis,EN
Barringtonia asiatica,LC
Barringtonia racemosa,LC
Bathyomphalus contortus,LC
Battus belus,LC
Battus crassus,LC
Battus lycidas,LC
Battus philenor,LC
Battus polydamas,LC
Battus polystictus,LC
Bauhinia divaricata,LC
Bauhinia racemosa,LC
Beilschmiedia ugandensis,LC
Belenois thysa,LC
Belenois zochalia,LC
Berberis lycium,LC
Bertholletia excelsa,VU
Berula erecta,LC
Betula alleghaniensis,LC
Betula fruticosa,LC
Betula glandulosa,LC
Betula grossa,LC
Betula lenta,LC
Betula nana,LC
Betula nigra,LC
Betula occidentalis,LC
Betula papyrifera,LC
Betula pendula,LC
Betula platyphylla,LC
Betula populifolia,LC
Betula pubescens,LC
Betula pumila,LC
Betula tianschanica,DD
Bhesa robusta,LC
Bhutanitis lidderdalii,LC
Bidens cernua,LC
Bidens frondosa,LC
Bidens tripartita,LC
Billia rosea,LC
Bischofia javanica,LC
Bixa orellana,LC
Bocconia frutescens,LC
Bodilus barbarus,LC
Boehmeria cylindrica,LC
Boltonia asteroides,LC
Bombax anceps,LC
Bombax ceiba,LC
Bombus alpinus,VU
Bombus appositus,LC
Bombus ashtoni,DD
Bombus bifarius,LC
Bombus bimaculatus,LC
Bombus bohemicus,DD
Bombus brevivillus,,DD
Bombus caliginosus,VU
Bombus centralis,LC
Bombus cryptarum,DD
Bombus distinguendus,DD
Bombus ephippiatus,LC
Bombus fernaldae,DD
Bombus fervidus,VU
Bombus flavidus,DD
Bombus flavifrons,LC
Bombus fraternus,EN
Bombus griseocollis,LC
Bombus huntii,LC
Bombus impatiens,LC
Bombus inexspectatus,EN
Bombus insularis,LC
Bombus jonellus,DD
Bombus kirbiellus,DD
Bombus magnus,LC
Bombus melanopygus,LC
Bombus mendax,NT
Bombus morrisoni,VU
Bombus mucidus,NT
Bombus nevadensis,LC
Bombus pyrenaeus,LC
Bombus ternarius,LC
Bombus transversalis,,LC
Bombus vagans,LC
Bombus variabilis,CR
Bonnetia sessilis,LC
Borrichia arborescens,LC
Boscia albitrunca,LC
Boscia salicifolia,LC
Bosistoa medicinalis,LC
Bothrocaryum controversum,LC
Bougainvillea glabra,LC
Brachypalpus valgus,LC
Brachypodium retusum,LC
Branta canadensis,LC
Branta hutchinsii,LC
Brassica alboglabra,DD
Brassica barrelieri,LC
Brassica cretica,LC
Brassica fruticulosa,LC
Brassica montana,LC
Brassica oleracea,DD
Breonia chinensis,LC
Bretschneidera sinensis,EN
Brevoortia patronus,LC
Breynia cernua,LC
Breynia disticha,LC
Breynia fruticosa,LC
Breynia oblongifolia,LC
Breynia vitis-idaea,LC
Bridelia insulana,LC
Broussonetia papyrifera,LC
Brucea javanica,LC
Bruguiera cylindrica,LC
Bruguiera parviflora,LC
Bubas bison,LC
Buddleja asiatica,LC
Buddleja cordata,LC
Buddleja salviifolia,LC
Bunium bulbocastanum,LC
Buprestis splendens,EN
Bursera graveolens,LC
Bursera simaruba,LC
Butomus umbellatus,LC
Buxus sempervirens,LC
Byrsonima gardneriana,LC
Bythinella padana,DD
Bythinella pupoides,LC
Cacyreus marshalli,LC
Caesalpinia bonduc,LC
Caesalpinia decapetala,LC
Caesalpinia eriostachys,LC
Caesalpinia palmeri,LC
Caesalpinia pulcherrima,LC
Caesalpinia regia,LC
Calamagrostis canadensis,LC
Calamagrostis pseudophragmites,LC
Caldcluvia paniculata,LC
Calla palustris,LC
Calliandra guildingii,LC
Calliandra parvifolia,LC
Calliandra tergemina,LC
Calliandra tweediei,LC
Callitriche palustris,LC
Callitriche platycarpa,LC
Callitriche stagnalis,LC
Calocedrus decurrens,LC
Calodendrum capense,LC
Calopogon tuberosus,LC
Calopteryx splendens,LC
Calopteryx virgo,LC
Caltha palustris,LC
Calystegia sepium,LC
Camellia japonica,LC
Camellia oleifera,LC
Camellia sinensis,DD
Campanula serrata,LC
Campnosperma brevipetiolatum,LC
Campnosperma seychellarum,CR
Canis latrans,LC
Capparis amplissima,LC
Capparis aphylla,LC
Capparis arborea,LC
Capparis cynophallophora,LC
Capparis fascicularis,LC
Capparis galeata,LC
Capparis hastata,LC
Capparis heydeana,LC
Capparis micracantha,LC
Capparis mitchellii,LC
Capparis quiniflora,LC
Capparis sandwichiana,LC
Capparis sepiaria,LC
Capparis spinosa,LC
Capparis tenera,LC
Capreolus capreolus,LC
Capsicum annuum,LC
Capsicum frutescens,LC
Carallia brachiata,LC
Carangoides bartholomaei,LC
Carangoides ruber,LC
Caranx latus,LC
Caranx ruber,LC
Carcharhinus acronotus,EN
Carcharhinus altimus,NT
Carcharhinus falciformis,VU
Carcharhinus leucas,VU
Carcharhinus limbatus,VU
Carcharhinus longimanus,CR
Carcharhinus obscurus,EN
Carcharhinus perezii,EN
Carcharhinus plumbeus,EN
Cardamine bulbosa,LC
Cardinalis cardinalis,LC
Carduus nyassanus,LC
Caretta caretta,VU
Carex acuta,LC
Carex acutiformis,LC
Carex appropinquata,LC
Carex bicolor,LC
Carex brunnescens,LC
Carex buxbaumii,LC
Carex canescens,LC
Carex chordorrhiza,LC
Carex davalliana,LC
Carex diandra,LC
Carex distans,LC
Carex divisa,LC
Carex echinata,LC
Carex elata,LC
Carex flava,LC
Carex glareosa,LC
Carex lachenalii,LC
Carex lasiocarpa,LC
Carex limosa,LC
Carex magellanica,LC
Carex microglochin,LC
Carex nigra,LC
Carex norvegica,LC
Carex otrubae,LC
Carex paniculata,LC
Carex pauciflora,LC
Carex pseudocyperus,LC
Carex punctata,LC
Carex remota,LC
Carex riparia,LC
Carex rostrata,LC
Carex stenophylla,LC
Carex umbrosa,LC
Carex vaginata,LC
Carex vesicaria,LC
Carex vulpina,LC
Carex vulpinoidea,LC
Carica papaya,DD
Carissa bispinosa,LC
Carissa macrocarpa,LC
Carpinus betulus,LC
Carpinus caroliniana,LC
Carpinus japonica,DD
Carpinus laxiflora,DD
Carpinus orientalis,LC
Carya glabra,LC
Carya illinoinensis,LC
Carya ovata,LC
Caryocar brasiliense,LC
Caryota urens,LC
Cascabela thevetia,LC
Casearia sylvestris,LC
Casimiroa edulis,LC
Casimiroa pringlei,LC
Cassia alata,LC
Cassia auriculata,LC
Cassia ferruginea,LC
Cassia fistula,LC
Cassia fistula?,LC
Cassia fruticosa,LC
Cassia garrettiana,LC
Cassia grandis,LC
Cassia javanica,LC
Cassia multijuga,LC
Cassia obtusifolia,LC
Cassia occidentalis,LC
Cassia surattensis,LC
Castanea crenata,LC
Castanea dentata,CR
Castanea mollissima,LC
Castanea sativa,LC
Castanopsis fissa,LC
Castanopsis indica,LC
Castanopsis schefferiana,NT
Castanopsis sieboldii,LC
Castela galapageia,LC
Casuarina cunninghamiana,LC
Casuarina equisetifolia,LC
Casuarina junghuhniana,LC
Catabrosa aquatica,LC
Catalpa bignonioides,DD
Catalpa speciosa,LC
Catopsilia florella,LC
Catunaregam spinosa,LC
Caulophyllum thalictroides,LC
Ceanothus oliganthus,LC
Ceanothus spinosus,LC
Ceanothus thyrsiflorus,LC
Cecropia garciae,LC
Cecropia glaziovii,LC
Cecropia insignis,LC
Cecropia telealba,LC
Cedrus atlantica,EN
Cedrus deodara,LC
Cedrus libani,VU
Ceiba pentandra,LC
Celosia argentea,LC
Celtis australis,LC
Celtis boninensis,LC
Celtis iguanaea,LC
Celtis laevigata,LC
Celtis occidentalis,LC
Celtis tala,LC
Celtis tenuifolia,LC
Celtis zenkeri,LC
Centaurea laconica,LC
Centaurea raphanina,LC
Centaurium erythraea,LC
Cephalanthus occidentalis,LC
Cephalanthus salicifolius,LC
Cephalotaxus harringtonii,LC
Cerambyx cerdo,VU
Cerastium arvense,LC
Ceratina gravidula,LC
Ceratina nigroaenea,LC
Ceratonia siliqua,LC
Ceratophyllum demersum,LC
Cerbera manghas,LC
Cercidium microphyllum,LC
Cercis canadensis,LC
Cercis siliquastrum,LC
Ceriagrion tenellum,LC
Cervus elaphus,LC
Cestrum diurnum,LC
Cestrum elegans,LC
Cestrum nocturnum,LC
Cestrum parqui,LC
Cestrum schlechtendalii,LC
Chaenomeles japonica,LC
Chaetodon marleyi,LC
Chamaecrista mimosoides,LC
Chamaecrista nictitans,LC
Chamaecyparis lawsoniana,NT
Chamaecyparis nootkatensis,LC
Chamaecyparis thyoides,LC
Chamaedaphne calyculata,LC
Chamaedorea linearis,LC
Chamaedorea pinnatifrons,LC
Chamaemelum nobile,LC
Chamaenerion angustifolium,LC
Chamaerops humilis,LC
Chamerion angustifolium,LC
Charadrius semipalmatus,LC
Chasmanthe bicolor,VU
Cheilosia ahenea,DD
Cheilosia antiqua,LC
Cheilosia cynocephala,LC
Cheilosia frontalis,LC
Cheilosia gagatea,EN
Cheilosia grisella,LC
Cheilosia himantopus,LC
Cheilosia lenis,LC
Cheilosia loewi,EN
Cheilosia melanopa,LC
Cheilosia morio,EN
Cheilosia naruska,NT
Cheilosia nebulosa,LC
Cheilosia nivalis,EN
Cheilosia personata,LC
Cheilosia psilophthalma,LC
Cheilosia pubera,LC
Cheilosia ranunculi,LC
Cheilosia rhynchops,LC
Cheilosia semifasciata,LC
Chelidonichthys capensis,LC
Chelidonichthys queketti,LC
Chelostoma grande,DD
Chelostoma hellenicum,DD
Chenonetta jubata,LC
Chilomycterus schoepfii,LC
Chilothorax hieroglyphicus,LC
Chiococa alba,LC
Chiococca alba,LC
Chisocheton cumingianus,LC
Chloroxylon swietenia,VU
Chondrilla ramosissima,LC
Chorthippus brunneus,LC
Chorthippus eisentrauti,LC
Chrysalidocarpus lutescens,NT
Chrysobalanus icaco,LC
Chrysogaster virescens,NT
Chrysophyllum pauciflorum,VU
Chrysotoxum fasciolatum,LC
Chrysotoxum triarcuatum,VU
Cicuta bulbifera,LC
Cicuta douglasii,LC
Cicuta maculata,LC
Cicuta virosa,LC
Cinnamomum bejolghota,LC
Cinnamomum camphora,LC
Cinnamomum doederleinii,LC
Cinnamomum iners,LC
Cinnamomum micranthum,LC
Cinnamomum oliveri,LC
Cinnamomum osmophloeum,NT
Cinnamomum sieboldii,DD
Cinnamomum subavenium,LC
Cinnamomum verum,VU
Cinnamomum zeylanicum,VU
Cistus libanotis,LC
Cistus monspeliensis,LC
Citharexylum subflavescens,LC
Citrus hystrix,LC
Citrus maxima,LC
Citrus medica,LC
Citrus obovoidea,LC
Cladium mariscus,LC
Clausena brevistyla,LC
Clausena excavata,LC
Clausena heptaphylla,LC
Clausena lansium,LC
Clerodendrum bungei,LC
Clerodendrum chinense,LC
Clerodendrum phlomidis,LC
Clerodendrum trichotomum,LC
Clerodendrum villosum,LC
Clethra alnifolia,LC
Clethra barbinervis,LC
Clethra scabra,LC
Cleyera japonica,LC
Clibadium grandifolium,LC
Clupea harengus,LC
Clusia fructiangusta,LC
Clusia grandiflora,LC
Clusia hydrogera,LC
Clusia melchiorii,LC
Clusia pusilla,LC
Clytus lama,LC
Clytus tropicus,LC
Cnidoscolus aconitifolius,LC
Coccoloba uvifera,LC
Coenagrion hastulatum,LC
Coenagrion hylas,LC
Coenagrion lunulatum,LC
Coenagrion mercuriale,VU
Coenagrion ornatum,LC
Coenagrion puella,LC
Coenagrion pulchellum,LC
Coenagrion scitulum,LC
Coffea arabica,EN
Coffea canephora,LC
Coffea macrocarpa,VU
Coffea mauritiana,VU
Coffea robusta,LC
Coffee arabica,EN
Coincya monensis,LC
Colchicum autumnale,LC
Colchicum filifolium,LC
Colea seychellarum,EN
Colias electo,LC
Colias eurytheme,LC
Colias phicomone,NT
Colletes dimidiatus,VU
Colletes halophilus,NT
Colletes hederae,LC
Colletes sierrensis,EN
Colocasia esculenta,LC
Colotis auxo,LC
Colotis eris,LC
Colotis erone,LC
Colotis evagore,LC
Colotis vesta,LC
Coluber constrictor,LC
Colubrina asiatica,LC
Columba livia,LC
Columba palumbus,LC
Combretum molle,LC
Commelina africana,LC
Commelina benghalensis,LC
Commelina erecta,LC
Conger conger,LC
Copaifera langsdorffii,LC
Coptis trifolia,LC
Cordia africana,LC
Cordia americana,LC
Cordia gerascanthus,LC
Cordia lutea,LC
Cordia sulcata,LC
Cordulegaster boltonii,LC
Coreopsis rosea,NT
Cornus alternifolia,LC
Cornus amomum,LC
Cornus controversa,LC
Cornus florida,LC
Cornus kousa,LC
Cornus macrophylla,LC
Cornus mas,LC
Cornus sericea,LC
Corylus americana,LC
Corylus avellana,LC
Corylus colurna,LC
Corylus cornuta,LC
Corylus maxima,DD
Corymbia ficifolia,NT
Coryphaena hippurus,LC
Cotinus coggygria,LC
Couma utilis,LC
Crassula tillaea,LC
Crataegus azarolus,LC
Crataegus calpodendron,LC
Crataegus coccinea,LC
Crataegus columbiana,LC
Crataegus douglasii,LC
Crataegus laevigata,LC
Crataegus monogyna,LC
Crataegus rhipidophylla,LC
Crataegus submollis,LC
Craterispermum microdon,EN
Crateva adansonii,LC
Crateva religiosa,LC
Crateva tapia,LC
Cratoxylum cochinchinense,LC
Cressida cressida,LC
Crocus laevigatus,LC
Crossandra infundibuliformis,LC
Crotalaria assamica,LC
Croton macrostachyus,LC
Croton megalocarpus,LC
Cryptocarya amygdalina,LC
Cryptocarya glaucescens,LC
Cryptocarya triplinervis,LC
Cryptomeria japonica,NT
Cucurbita pepo,LC
Cullen badocanum,LC
Cullen corylifolia,LC
Cullen corylifolium,LC
Cupania americana,LC
Cupressus funebris,DD
Cupressus lusitanica,LC
Cupressus macrocarpa,VU
Cupressus sempervirens,LC
Curcuma alismatifolia,NT
Cuscuta gronovii,LC
Cyanocephalus lippioides,LC
Cybianthus quelchii,LC
Cycas revoluta,LC
Cyclamen purpurascens,LC
Cydonia oblonga,LC
Cynanchum acutum,LC
Cynarospermum asperrimum,LC
Cynoscion arenarius,LC
Cynthia cardui,LC
Cyperus brevifolius,LC
Cyperus longus,LC
Cypripedium acaule,LC
Cypripedium calceolus,LC
Cypripedium candidum,VU
Cypripedium parviflorum,LC
Cypripedium reginae,LC
Cyrilla racemiflora,LC
Cyrtostachys lakka,LC
Cytisophyllum sessilifolium,LC
Cytisophyllum sessilifolius,LC
Cytisus emeriflorus,LC
Cytisus multiflorus,LC
Cytisus oromediterraneus,LC
Cytisus striatus,LC
Cytisus supranubius,LC
Dalbergia ecastaphyllum,LC
Dalbergia latifolia,VU
Dalbergia melanoxylon,NT
Dalbergia pseudo-sissoo,LC
Dalea ornata,LC
Danaus plexippus,LC
Daphnandra micrantha,LC
Daphniphyllum calycinum,LC
Daphniphyllum humile,LC
Daphniphyllum pentandrum,LC
Daphnopsis americana,LC
Dasyatis americana,NT
Dasypoda iberica,DD
Dasypoda morotei,LC
Dasypoda pyriformis,LC
Dasysyrphus lenensis,LC
Daucus carota,LC
Daucus catota,LC
Daucus muricatus,LC
Daucus pusillius,LC
Daucus pusillus,LC
Decapterus punctatus,LC
Deckenia nobilis,VU
Decodon verticillatus,LC
Delonix regia,LC
Dendrocnide stimulans,LC
Dendromecon rigida,LC
Dendropanax arboreus,LC
Dermatophyllum secundiflorum,LC
Derris robusta,LC
Desmanthus virgatus,LC
Desmos dasymaschalus,LC
Desmoscelis villosa,LC
Dianthera americana,LC
Dichondra micrantha,LC
Dichrostachys cinerea,LC
Didelphis virginiana,LC
Digomphia laurifolia,LC
Dillenia ferruginea,NT
Dimocarpus longan,DD
Dioscorea wallichii,LC
Diospyros kaki,LC
Diospyros philippinensis,NT
Diospyros revaughanii,VU
Diospyros virginiana,LC
Diospyrus japonica,LC
Diplotaxis ibicensis,LC
Dipteryx alata,VU
Discopodium penninervium,LC
Dixeia pigea,LC
Doellingeria umbellata,LC
Doryphora aromatica,LC
Doryphora sassafras,LC
Dosidicus gigas,DD
Dracaena reflexa,LC
Drosera rotundifolia,LC
Dryophytes versicolor,LC
Drypetes deplanchei,LC
Drypetes gerrardii,LC
Drypetes indica,LC
Drypetes lateriflora,LC
Drypetes macrophylla,LC
Drypetes venusta,LC
Dufourea alpina,LC
Dufourea trautmanni,DD
Duranta erecta,LC
Ebenopsis ebano,LC
Echinacea purpurea,LC
Echinochloa colonum,LC
Echinochloa crus-galli,LC
Echium candicans,DD
Eclipta alba,LC
Ehretia tinifolia,LC
Elaeagia mariae,LC
Elaeagnus angustifolia,LC
Elaeagnus conferta,LC
Elaeagnus multiflora,LC
Elaeagnus umbellata,LC
Elaeis guineensis,LC
Elaeocarpus japonicus,LC
Elatine americana,LC
Eleocharis acicularis,LC
Eleocharis atropurpurea,LC
Eleocharis carniolica,LC
Eleocharis obtusa,LC
Eleocharis palustris,LC
Eleocharis quinqueflora,LC
Eleocharis uniglumis,LC
Elgaria multicarinata,LC
Emberiza cirlus,LC
Embothrium coccineum,LC
Enallagma carunculatum,LC
Enallagma cyathigerum,LC
Encrasicholina purpurea,LC
Endotropis crocea,LC
Engraulis japonicus,LC
Engraulis ringens,LC
Enkianthus campanulatus,LC
Enophrys taurina,LC
Entada abyssinica,LC
Epeolus cruciger,NT
Ephedra fragilis,LC
Ephippiger diurnus,LC
Epiaeschna heros,LC
Epilobium adenocaulon,LC
Epilobium ciliatum,LC
Epilobium coloratum,LC
Epilobium hirsutum,LC
Epilobium palustre,LC
Epilobium parviflorum,LC
Epipactis palustris,LC
Equisetum arvense,LC
Equisetum fluviatile,LC
Equisetum palustre,LC
Equisetum telmateia,LC
Erebia albergana,LC
Erebia epiphron,LC
Erebia melas,LC
Erebia meolans,LC
Erebia oeme,LC
Erebia pharte,LC
Erebia triarius,LC
Erica arborea,LC
Erica cinerea,LC
Erica lusitanica,LC
Erica vagans,LC
Eriogaster catax,DD
Eriophorum angustifolium,LC
Eriophorum vaginatum,LC
Eriosema montanum,LC
Eriosyce chilensis,CR
Eristalis horticola,EN
Eronia cleodora,LC
Erythemis simplicicollis,LC
Erythrina abyssinica,LC
Erythrina subumbrans,LC
Erythrodiplax berenice,LC
Erythromma lindenii,LC
Erythromma najas,LC
Erythromma viridulum,LC
Erythrostemon exostemma,LC
Erythroxylum sechellarum,LC
Escallonia pulverulenta,LC
Esenbeckia pumila,LC
Etrumeus whiteheadi,LC
Eucalyptus bridgesiana,VU
Eucalyptus deglupta,VU
Eucalyptus dives,LC
Eucalyptus globulus,LC
Eucalyptus gomphocephala,VU
Eucalyptus nitens,LC
Eucalyptus radiata,NT
Eucalyptus saligna,LC
Eucalyptus tereticornis,LC
Eucalyptus torelliana,LC
Eucera codinai,DD
Eucryphia cordifolia,NT
Eugenia aquea,LC
Eugenia dysenterica,LC
Eugenia uniflora,LC
Euglesa obtusalis,LC
Euglesa pseudosphaerium,VU
Eumerus dubius,EN
Euodia bonwickii,LC
Euodia elleryana,LC
Euodia fraxinifolia,LC
Euodia glabra?,LC
Euodia latifolia,LC
Euodia lepta,LC
Euodia lunur-ankenda,LC
Euodia merrillii,LC
Euodia pilulifera,LC
Euodia roxburghiana,LC
Euodia ruticarpa,LC
Euonymus atropurpureus,LC
Euonymus europaeus,LC
Euonymus latifolius,LC
Euonymus verrucosus,LC
Eupatorium perfoliatum,LC
Eupeodes tirolensis,NT
Euphorbia cyathophora,LC
Euphorbia dendroides,LC
Euphorbia geroldii,CR
Euphorbia heterophylla,LC
Euphorbia nutans,LC
Euphorbia palustris,LC
Euphorbia pulcherrima,LC
Euphorbia pyrifolia,LC
Euphydryas maturna,DD
Euploea core,LC
Euptelea polyandra,LC
Eurema alitha,LC
Eurema andersoni,LC
Eurema brigitta,LC
Eurema desjardinsii,LC
Eurema esakii,LC
Eurema hecabe,LC
Eurema nicippe,LC
Eurya nitida,LC
Euryades corethrus,NT
Eurytides dolicaon,LC
Euterpe edulis,LC
Euthamia graminifolia,LC
Euthynnus aletteratus,LC
Euthynnus alletteratus,LC
Excoecaria benthamiana,VU
Fagraea crenulata,LC
Fagus crenata,LC
Fagus grandifolia,LC
Fagus japonica,LC
Fagus orientalis,LC
Fagus sieboldii,LC
Fagus sylvatica,LC
Falcataria moluccana,LC
Faramea oblongifolia,LC
Ferocactus cylindraceus,LC
Ferocactus wislizeni,VU
Ferula communis,LC
Festuca varia,LC
Ficus altissima,LC
Ficus americana,LC
Ficus benjamina,LC
Ficus carica,LC
Ficus coerulescens,LC
Ficus concinna,LC
Ficus drupacea,LC
Ficus hispida,LC
Ficus kurzii,LC
Ficus langkokensis,LC
Ficus religiosa,LC
Ficus subcordata,LC
Ficus subulata,LC
Ficus tinctoria,LC
Ficus virens,LC
Filipendula ulmaria,LC
Flavipanurgus venustus,LC
Flindersia brayleyana,LC
Flindersia collina,LC
Flueggea virosa,LC
Forchhammeria hintonii,EN
Formica aquilonia,NT
Formica lugubris,NT
Formica polyctena,NT
Formica pratensis,NT
Formica rufa,NT
Formica talbotae,VU
Formica uralensis,NT
Formicoxenus nitidulus,VU
Frangula alnus,LC
Frangula californica,LC
Frangula crenata,LC
Frangula purshiana,LC
Frangula rupestris,LC
Fraxinus americana,CR
Fraxinus angustifolia,LC
Fraxinus anomala,LC
Fraxinus caroliniana,EN
Fraxinus chinensis,LC
Fraxinus excelsior,NT
Fraxinus griffithii,LC
Fraxinus lanuginosa,LC
Fraxinus latifolia,NT
Fraxinus mandshurica,LC
Fraxinus nigra,CR
Fraxinus oregana,NT
Fraxinus ornus,LC
Fraxinus pennsylvanica,CR
Fraxinus quadrangulata,CR
Fraxinus uhdei,LC
Fraxinus velutina,LC
Fremontodendron californicum,LC
Fremontodendron mexicanum,EN
Fritillaria graeca,DD
Fuchsia paniculata,LC
Gagea bohemica,LC
Gagea nevadensis,LC
Galanthus nivalis,NT
Galeopsis segetum,DD
Galerida cristata,LC
Galium palustre,LC
Galium trifidum,LC
Galium triflorum,LC
Galium uliginosum,LC
Gallus gallus,LC
Garcinia indica,VU
Garcinia mangostana,DD
Geijera parviflora,LC
Geijera salicifolia,LC
Genista aetnensis,LC
Genista germanica,LC
Genista hispanica,LC
Genista radiata,LC
Genista sagittalis,LC
Gentiana andrewsii,LC
Gentiana pannonica,NT
Geoffroea spinosa,LC
Geonoma undata,LC
Geum rivale,LC
Gevuina avellana,LC
Ginkgo biloba,EN
Gironniera nervosa,LC
Gladiolus italicus,LC
Gladiolus palustris,DD
Glaucostegus typus,CR
Glaux maritima,LC
Gleditsia japonica,LC
Gleditsia triacanthos,LC
Glochidion seemanni,LC
Gloriosa superba,LC
Glyceria fluitans,LC
Glyceria maxima,LC
Glycyrrhiza glabra,LC
Glycyrrhiza lepidota,LC
Gmelina arborea,LC
Gnathophis capensis,LC
Gnetum montanum,LC
Gnidia glauca,LC
Goetzea elegans,EN
Gomphus pulchellus,NT
Gomphus simillimus,NT
Gomphus vulgatissimus,LC
Gonatus antarcticus,LC
Goniothalamus amuyon,VU
Goniothalamus macranthus,DD
Gossypium barbadense,LC
Gossypium herbaceum,DD
Gossypium hirsutum,VU
Graffenrieda cucullata,LC
Graphium angolanus,LC
Graphium antheus,LC
Graphium codrus,LC
Graphium empedovana,LC
Graphium epaminondas,VU
Graphium leonidas,LC
Graphium macfarlanei,LC
Graphium macleayanus,LC
Graphium morania,LC
Graphium policenes,LC
Gratiola officinalis,LC
Graziana quadrifoglio,VU
Grevillea robusta,LC
Grewia hirsuta,LC
Grewia tiliifolia,LC
Guaiacum angustifolium,LC
Guaiacum officinale,EN
Guarea kunthiana,LC
Guatteria pilosula,LC
Guazuma ulmifolia,LC
Gymnadenia odoratissima,LC
Gymnanthemum auriculiferum,LC
Gymnocladus dioica,VU
Gymnocladus dioicus,VU
Gymnorhina tibicen,LC
Gyraulus albus,LC
Gyraulus crista,LC
Gyraulus parvus,LC
Hadena bicruris,CR
Haematopus ostralegus,NT
Halfordia kendack,LC
Halfordia scleroxyla,LC
Halictus holomelaenus,DD
Halictus langobardicus,LC
Halictus microcardia,EN
Halictus pyrenaeus,DD
Halictus tridivisus,DD
Hamamelis virginiana,LC
Hamelia patens,LC
Hancornia speciosa,LC
Harengula clupeola,LC
Harengula humeralis,LC
Harengula jaguana,LC
Havardia pallens,LC
Hedychium coronarium,DD
Hedyosmum tepuiense,LC
Hedysarum alpinum,LC
Helianthus annuus,LC
Helianthus bolanderi,LC
Helianthus decapetalus,LC
Helianthus divaricatus,LC
Helianthus giganteus,LC
Helianthus grosseserratus,LC
Helianthus maximiliani,LC
Helianthus nuttallii,LC
Helianthus pauciflorus,LC
Helianthus petiolaris,LC
Helianthus tuberosus,LC
Helicteres isora,LC
Heliotropium curassavicum,LC
Helosciadium nodiflorum,LC
Hemicordulia tau,LC
Hemilepidotus papilio,LC
Hemiramphus balao,LC
Hemiramphus brasiliensis,LC
Hemixos flavala,LC
Heptacodium miconioides,VU
Heptapleurum insularum,LC
Heracleum mantegazzianum,LC
Heracleum maximum,LC
Heritiera littoralis,LC
Herklotsichthys quadrimaculatus,LC
Heteromeles arbutifolia,LC
Hevea brasiliensis,LC
Hibiscus arnottianus,EN
Hibiscus moscheutos,LC
Hibiscus tiliaceus,LC
Hierodula transcaucasica,LC
Hieronyma duquei,LC
Hipparchia semele,LC
Hippeutis complanatus,LC
Hippobromus pauciflorus,LC
Hippocrepis comosa,LC
Hippoglossus stenolepis,LC
Hippophae rhamnoides,LC
Hippuris vulgaris,LC
Homarus americanus,LC
Hoplitis ravouxi,LC
Hoplitis villosa,LC
Hordeum jubatum,LC
Hordeum murinum,LC
Hordeum secalinum,LC
Hovenia dulcis,LC
Huertea glandulosa,LC
Hunteria zeylanica,LC
Hydrangea paniculata,LC
Hydrilla verticillata,LC
Hydrocharis morsus-ranae,LC
Hydrocotyle vulgaris,LC
Hydroporus planus,EN
Hygrophila auriculata,LC
Hylaeus alpinus,DD
Hylaeus crassanus,NT
Hylaeus pictus,DD
Hyles hippophaes,DD
Hymenaea courbaril,LC
Hypanus americanus,NT
Hypericum elodes,LC
Hypericum majus,LC
Hyperlophus vittatus,LC
Hypoatherina harringtonensis,LC
Hyporhamphus unifasciatus,LC
Ictinogomphus pertinax,LC
Ilex aquifolium,LC
Ilex macropoda,LC
Ilex mucronata,LC
Ilex paraguariensis,NT
Ilex verticillata,LC
Ilex vomitoria,LC
Illex argentinus,LC
Impatiens capensis,LC
Impatiens chinensis,LC
Impatiens noli-tangere,LC
Indigofera pseudotinctoria,LC
Indigofera zollingeriana,LC
Inga edulis,LC
Inga laurina,LC
Inga striata,LC
Inga uraguensis,LC
Inga vera,LC
Iole propinqua,LC
Ipomoea batatas,DD
Ipomoea cairica,LC
Ipomoea pes-caprae,LC
Ipomoea tiliacea,LC
Iris missouriensis,LC
Iris pseudacoris,LC
Iris pseudacorus,LC
Iris spuria,LC
Iris versicolor,LC
Iris virginica,LC
Isachne globosa,LC
Ischnura elegans,LC
Ischnura genei,LC
Ischnura pumilio,LC
Isoglossa laxa,LC
Isopistus remifer,LC
Ixora chinensis,LC
Ixora javanica,LC
Ixora pauciflora,LC
Ixora pudica,NT
Jacaranda mimosifolia,VU
Jacobaea aquatica,LC
Jacobaea uniflora,NT
Jatropha gossypiifolia,LC
Jatropha integerrima,LC
Jaumea carnosa,LC
Jenkinsia lamprotaenia,LC
Juglans cinerea,EN
Juglans nigra,LC
Juglans regia,LC
Juncus acutus,LC
Juncus alpinoarticulatus,LC
Juncus articulatus,LC
Juncus bufonius,LC
Juncus bulbosus,LC
Juncus compressus,LC
Juncus conglomeratus,LC
Juncus effusus,LC
Juncus filiformis,LC
Juncus inflexus,LC
Juncus stygius,LC
Juncus subnodulosus,LC
Juncus tenageia,LC
Juncus triglumis,LC
Juniperus chinensis,LC
Juniperus communis,LC
Juniperus deppeana,LC
Juniperus oxycedrus,LC
Juniperus phoenicea,LC
Juniperus sabina,LC
Juniperus virginiana,LC
Justicia americana,LC
Justicia kanal,VU
Kageneckia oblonga,LC
Kalmia latifolia,LC
Kalmia polifolia,LC
Kanahia laniflora,LC
Kandelia candel,LC
Kandetia candel,LC
Katsuwonus pelamis,LC
Koelreuteria paniculata,LC
Kosteletzkya pentacarpos,LC
Laburnum alpinum,LC
Laburnum anagyroides,LC
Lachnanthes caroliana,LC
Lactophrys trigonus,LC
Lactoria fornasini,LC
Lactuca perennis,DD
Lactuca plumieri,DD
Lagerstroemia indica,LC
Lagerstroemia parviflora,LC
Lagerstroemia speciosa,LC
Lagerstroemia subcostata,LC
Lagunaria patersonia,NT
Lampides boeticus,LC
Lampropeltis californiae,LC
Lantana involucrata,LC
Lantana peduncularis,LC
Larix decidua,LC
Larix kaempferi,LC
Larix laricina,LC
Larix occidentalis,LC
Lasianthus kilimandscharicus,LC
Lasioglossum alpigenum,LC
Lasioglossum bavaricum,LC
Lasioglossum breviventre,EN
Lasioglossum dusmeti,DD
Lasioglossum lissonotum,DD
Lasioglossum minutulum,NT
Lasioglossum pleurospeculum,DD
Lasioglossum sabulosum,NT
Lasioglossum setulosum,NT
Lathyrus angulatus,LC
Lathyrus aphaca,LC
Lathyrus bauhini,LC
Lathyrus cicera,LC
Lathyrus clymenum,LC
Lathyrus heterophyllus,LC
Lathyrus hirsutus,LC
Lathyrus japonicus,LC
Lathyrus latifolius,LC
Lathyrus linifolius,LC
Lathyrus niger,LC
Lathyrus nissolia,LC
Lathyrus odoratus,CR
Lathyrus palustris,LC
Lathyrus pratensis,LC
Lathyrus setifolius,LC
Lathyrus sphaericus,LC
Lathyrus sylvestris,LC
Lathyrus tuberosus,LC
Lathyrus venetus,LC
Lathyrus vernus,LC
Laurus azorica,LC
Laurus nobilis,LC
Laurus nobilus,LC
Lavandula angustifolia,LC
Lavandula latifolia,LC
Leea asiatica,LC
Leea indica,LC
Leiostomus xanthurus,LC
Lembotropis nigricans,LC
Lemna gibba,LC
Lemna minor,LC
Lemna minuta,LC
Lemna polyrhiza,LC
Lemna trisulca,LC
Lemna turionifera,LC
Lepidium heterophyllum,LC
Lepidochelys olivacea,VU
Lepidopus caudatus,DD
Lepomis macrochirus,LC
Leptospermum scoparium,LC
Leptotes pirithous,LC
Lepus europaeus,LC
Lespedeza bicolor,DD
Lespedeza cuneata,LC
Lespedeza juncea,LC
Lespedeza thunbergii,DD
Leucaena pulverulenta,LC
Leucaspius delineatus,LC
Leucojum vernum,LC
Libellula needhami,LC
Libidibia coriaria,LC
Ligusticum grayi,LC
Ligusticum porteri,LC
Ligustrum lucidum,LC
Ligustrum ovalifolium,LC
Ligustrum sinense,LC
Limonium carolinianum,LC
Limosella aquatica,LC
Linaria tonzigii,EN
Lindera benzoin,LC
Lindera glauca,LC
Lindernia dubia,LC
Linepithema humile,LC
Liquidambar styraciflua,LC
Liriodendron chinense,NT
Liriodendron tulipifera,LC
Lithobates catesbeianus,LC
Lithobates clamitans,LC
Lithocarpus edulis,LC
Lithoglyphus naticoides,LC
Lithognathus mormyrus,LC
Lithraea caustica,LC
Litsea apetala,LC
Litsea cubeba,LC
Litsea glutinosa,LC
Litsea irianensis,LC
Litsea kostermansii,LC
Litsea monopetala,LC
Litsea salicifolia,LC
Littorella uniflora,LC
Lobelia cardinalis,LC
Lobelia siphilitica,LC
Lobelia spicata,LC
Loliolopsis diomedeae,DD
Lolliguncula brevis,DD
Lolliguncula diomedeae,DD
Lonicera alpigena,LC
Lonicera caerulea,LC
Lonicera nigra,LC
Lonicera nummulariifolia,LC
Lophostemon confertus,LC
Lotus edulis,LC
Lotus herbaceus,LC
Lotus maritimus,LC
Ludwigia alternifolia,LC
Ludwigia nervosa,LC
Ludwigia octovalvis,LC
Ludwigia palustris,LC
Ludwigia polycarpa,LC
Luehdorfia chinensis,DD
Luehdorfia japonica,NT
Luehea divaricata,DD
Luehea seemannii,LC
Luma apiculata,LC
Lupinus albus,LC
Lupinus andersonii,LC
Lupinus angustifolius,LC
Lupinus argenteus,LC
Lupinus luteus,LC
Lupinus microcarpus,LC
Lupinus nanus,LC
Lupinus nootkatensis,LC
Lupinus perennis,LC
Lupinus polyphyllus,LC
Lupinus texensis,LC
Lycaena bleusei,LC
Lycaena dispar,NT
Lycium shawii,LC
Lycopus americanus,LC
Lycopus europaeus,LC
Lycopus rubellus,LC
Lysandra coridon,LC
Lysandra hispana,LC
Lysiloma latisiliquum,LC
Lysimachia ciliata,LC
Lysimachia nummularia,LC
Lysimachia punctata,LC
Lysimachia terrestris,LC
Lysimachia thyrsiflora,LC
Lysimachia vulgaris,LC
Lythrum alatum,LC
Lythrum hyssopifolia,LC
Lythrum junceum,LC
Lythrum portula,LC
Lythrum salicaria,LC
Maackia amurensis,LC
Macadamia integrifolia,VU
Macairea pachyphylla,LC
Macaranga tanarius,LC
Maclura pomifera,LC
Macropis europaea,LC
Maculinea arion,NT
Maerua angolensis,LC
Maerua cafra,LC
Maerua hoehnelii,LC
Maerua racemulosa,LC
Maerua triphylla,LC
Maesopsis eminii,LC
Magnolia acuminata,LC
Magnolia baillonii,LC
Magnolia champaca,LC
Magnolia coco,DD
Magnolia denudata,LC
Magnolia elegans,DD
Magnolia grandiflora,LC
Magnolia hodgsonii,LC
Magnolia liliflora,DD
Magnolia stellata,EN
Magnolia virginiana,LC
Mallotus philippensis,LC
Malpighia emarginata,DD
Malus coronaria,LC
Malus fusca,LC
Malus orientalis,DD
Malus prunifolia,DD
Malus sieboldii,DD
Malus sylvestris,DD
Malvaviscus arboreus,LC
Mangifera foetida,LC
Mangifera indica,DD
Mantis religiosa,LC
Marstoniopsis insubrica,LC
Mastixia pentandra,LC
Matayba elegans,LC
Matteuccia struthiopteris,LC
Mauria heterophylla,LC
Mauritia flexuosa,LC
Maytenus boaria,LC
Meconema meridionale,LC
Medicago arborea,LC
Medicago carstiensis,LC
Medicago prostrata,LC
Medicago rigidula,LC
Medicago sativa,LC
Medusagyne oppositifolia,CR
Megachile alpicola,DD
Megachile canariensis,DD
Megachile giraudi,DD
Megachile hungarica,DD
Megachile lagopoda,LC
Megachile opacifrons,DD
Megachile parietina,LC
Megachile pusilla,DD
Megachile rufescens,DD
Megachile semicircularis,DD
Megalops atlanticus,VU
Melaleuca linariifolia,LC
Melanargia lachesis,LC
Melanerpes formicivorus,LC
Meleagris gallopavo,LC
Meles meles,LC
Melia azedarach,LC
Melia azederach,LC
Melicoccus bijugatus,LC
Melicope bonwickii,LC
Melicope elleryana,LC
Melicope lunu-ankenda,LC
Melicope pteleifolia,LC
Melicope semecarpifolia,LC
Melicope vitiflora,LC
Melilotus italicus,LC
Melinopterus tingens,LC
Meliosma boliviensis,LC
Meliosma myriantha,LC
Melodorum siamensis,LC
Melospiza lincolnii,LC
Memecylon elaeagni,LC
Menidia menidia,LC
Mentha aquatica,LC
Mentha arvensis,LC
Mentha longifolia,LC
Mentha pulegium,LC
Mentha spicata,LC
Mentha suaveolens,LC
Menyanthes trifoliata,LC
Mephitis mephitis,LC
Merluccius capensis,LC
Merodon albifasciatus,LC
Merodon aureus,LC
Merodon cinereus,LC
Merodon constans,LC
Merodon crypticus,VU
Merodon megavidus,EN
Mespilus germanica,LC
Mesua ferrea,VU
Metrodorea pubescens,LC
Metroxylon sagu,LC
Michelia champaca,LC
Michelia compressa,DD
Michelia fuscata,LC
Miconia affinis,LC
Miconia barbeyana,LC
Miconia caudata,LC
Miconia ceramicarpa,LC
Miconia egensis,LC
Miconia lehmannii,LC
Miconia longifolia,LC
Miconia prasina,LC
Micromelum minutum,LC
Micropogonias undulatus,LC
Microtus californicus,LC
Microtus townsendii,LC
Millettia atropurpurea,LC
Mimosa pigra,LC
Mimosa pudica,LC
Mimosa sepiaria,LC
Mimulus alatus,LC
Mimulus ringens,LC
Mimusops obovata,LC
Mimusops sechellarum,NT
Mollinedia tomentosa,LC
Monanthotaxis caffra,LC
Monochamus sartor,LC
Montanoa tomentosa,LC
Montezuma speciosissima,LC
Montia fontana,LC
Montia parvifolia,LC
Morella caroliniensis,LC
Morella pensylvanica,LC
Morella salicifolia,LC
Morinda citrifolia,LC
Morinda royoc,LC
Moringa oleifera,LC
Morus alba,LC
Morus nigra,DD
Mugil cephalus,LC
Muntiacus reevesi,LC
Murraya koenigii,LC
Musa acuminata,LC
Musa balbisiana,LC
Musculium lacustre,LC
Musculium transversum,LC
Mussaenda erythrophylla,LC
Mussaenda frondosa,LC
Mustelus canis,NT
Mylothris agathina,LC
Mylothris trimenia,LC
Myosotis alpestris,LC
Myosotis secunda,LC
Myrceugenia ovata,LC
Myrceugenia parvifolia,LC
Myrcia splendens,LC
Myrica californica,LC
Myrica gale,LC
Myriocarpa cordifolia,LC
Myriophyllum sibiricum,LC
Myriophyllum spicatum,LC
Myristica fragrans,DD
Myrsine guianensis,LC
Myrsine umbellata,LC
Myrtus communis,LC
Narcissus poeticus,LC
Narcissus serotinus,LC
Nasturtium microphyllum,LC
Navarretia leucocephala,LC
Nectandra membranacea,LC
Negaprion brevirostris,VU
Nehalennia speciosa,VU
Neolitsea dealbata,LC
Neolitsea sericea,LC
Neolitsea variabillima,LC
Neonotonia wightii,LC
Neottia nidus-avis,LC
Nepenthes pervillei,LC
Nephelium lappaceum,LC
Nephelium melliferum,LC
Nepheronia argia,LC
Nepheronia thalassina,LC
Nephila pilipes,LC
Nephrosperma vanhoutteanum,LC
Nerium oleander,LC
Newtonia contorta,LC
Nomada argentata,NT
Nomada armata,NT
Nomada atroscutellaris,LC
Nomada baccata,NT
Nomada bluethgeni,LC
Nomada concolor,LC
Nomada discedens,LC
Nomada errans,NT
Nomada fabriciana,LC
Nomada ferruginata,LC
Nomada flava,LC
Nomada gransassoi,DD
Nomada hirtipes,LC
Nomada melathoracica,LC
Nomada merceti,LC
Nomada piccioliana,LC
Nomada signata,LC
Nomada similis,LC
Northia seychellana,VU
Notholithocarpus densiflorus,LC
Nuphar lutea,LC
Nymphaea alba,LC
Nymphaea odorata,LC
Nymphaea tetragona,LC
Nymphalis antiopa,LC
Nypa fruticans,LC
Nyssa sylvatica,LC
Ochetophila trinervis,LC
Ochroma lagopus,LC
Ochroma pyramidale,LC
Ocotea coriacea,LC
Ocotea insularis,LC
Octopoteuthis sicula,DD
Odocoileus hemionus,LC
Odocoileus virginianus,LC
Oenanthe aquatica,LC
Oenanthe fistulosa,LC
Oenanthe javanica,LC
Oenanthe sarmentosa,LC
Oenanthe silaifolia,LC
Olea lancea,LC
Oligoplites saurus,LC
Ommastrephes bartramii,LC
Onobrychis viciifolia,LC
Onthophagus hirtus,LC
Onthophagus melitaeus,LC
Onthophagus opacicollis,LC
Onychogomphus forcipatus,LC
Onychogomphus uncatus,LC
Onychoteuthis aequimanus,DD
Onychoteuthis banksii,DD
Opheodrys aestivus,LC
Ophiogomphus cecilia,LC
Ophrys insectifera,LC
Opisthonema libertate,LC
Opisthonema oglinum,LC
Opuntia ficus-indica,DD
Opuntia fragilis,LC
Opuntia galapageia,LC
Opuntia humifusa,LC
Opuntia macrocentra,LC
Opuntia phaeacantha,LC
Opuntia stricta,LC
Oreopanax incisus,LC
Orixa japonica,LC
Ormosia sumatrana,LC
Ornithoteuthis volatilis,LC
Oryctolagus cuniculus,EN
Osmia alticola,LC
Osmia moreensis,DD
Osmia pilicornis,LC
Osmia steinmanni,DD
Osmunda cinnamomea,LC
Ostrya carpinifolia,LC
Ostrya virginiana,LC
Osyris quadripartita,LC
Otospermophilus beecheyi,LC
Oxydendrum arboreum,LC
Oxyjulis californica,LC
Oxypolis rigidior,LC
Oxystelma esculentum,LC
Oxytropis lambertii,LC
Oxyurichthys lonchotus,LC
Ozoroa insignis,LC
Ozoroa mucronata,LC
Pachliopta hector,LC
Pacifastacus leniusculus,LC
Paeonia officinalis,LC
Pagameopsis garryoides,LC
Palaquium gutta,NT
Palicourea angustifolia,LC
Panicum repens,LC
Pantala flavescens,LC
Panurginus montanus,DD
Panurgus dentipes,LC
Papaver laestadianum,VU
Papilio anactus,LC
Papilio andraemon,LC
Papilio aristodemus,LC
Papilio astyalus,LC
Papilio blumei,LC
Papilio constantinus,LC
Papilio cresphontes,LC
Papilio dardanus,LC
Papilio demodocus,LC
Papilio desmondi,LC
Papilio echerioides,LC
Papilio erectheus,LC
Papilio helenus,LC
Papilio hospiton,LC
Papilio multicaudata,LC
Papilio multicaudatus,LC
Papilio nireus,LC
Papilio ophidicephalus,LC
Papilio oxynius,LC
Papilio pelaus,LC
Papilio phegeus,LC
Papilio polyxenes,LC
Papilio rex,LC
Papilio rumiko,LC
Papilio schmeltzi,NT
Papilio zelicaon,LC
Parablennius marmoreus,LC
Paraserianthes falcataria,LC
Paraserianthes lophantha,LC
Parashorea malaanonan,LC
Paratrophis insignis,LC
Parides aeneas,LC
Parides agavus,LC
Parides anchises,LC
Parides ascanius,VU
Parides echemon,LC
Parides lysander,LC
Parides neophilus,LC
Parides panthonus,LC
Parides sesostris,LC
Parides tros,LC
Parides vertumnus,LC
Parides zacynthus,LC
Parietaria floridana,LC
Parkia biglobosa,LC
Parkia filicoidea,LC
Parkinsonia aculeata,LC
Parmelia saxatilis,LC
Parnassia glauca,LC
Parnassia palustris,LC
Parnassius apollo,LC
Parnassius eversmanni,LC
Parnassius mnemosyne,LC
Parnassius stubbendorfii,LC
Parnassius tenedius,LC
Parochetus communis,LC
Parthenocissus quinquefolia,LC
Passer domesticus,LC
Pastinachus sephen,NT
Patagonula americana,LC
Pavetta indica,LC
Pedicularis groenlandica,LC
Pedicularis palustris,LC
Pedostrangalia revestita,VU
Peltophorum dasyrachis,LC
Peltophorum pterocarpum,LC
Pemphis acidula,LC
Pentaclethra macroloba,LC
Pentaclethra macrophylla,LC
Perca flavescens,LC
Pergularia daemia,LC
Perilla frutescens,LC
Periploca aphylla,LC
Persea americana,LC
Persea borbonia,EN
Persea gamblei,LC
Persea odoratissima,LC
Persea palustris,VU
Persea thunbergii,LC
Persea zuihoensis,LC
Persicaria barbata,LC
Persicaria hydropiperoides,LC
Persicaria lapathifolia,LC
Persicaria maculosa,LC
Persicaria pubescens,LC
Persicaria punctata,LC
Persicaria sagittata,LC
Petasites frigidus,LC
Pettancylus clessinianus,DD
Peucephyllum schottii,LC
Phalaris arundinacea,LC
Phaneroptera nana,LC
Phaseolus coccineus,LC
Phaseolus vulgaris,LC
Phengaris teleius,NT
Phillyrea latifolia,LC
Phleum alpinum,LC
Phoebe excelsa,VU
Phoebe formosana,LC
Phoebe grandis,LC
Phoebe lanceolata,LC
Phoebis sennae,LC
Phoenicophorium borsigianum,LC
Photinia arbutifolia,LC
Photinia glabra,LC
Photinia serratifolia,LC
Phragmites australis,LC
Phragmites communis,LC
Phyla lanceolata,LC
Phyla nodiflora,LC
Phyllanthus emblica,LC
Phyllanthus reticulatus,LC
Phyllodesma ilicifolia,VU
Phyllodesma ilicifolium,VU
Physa fontinalis,LC
Physalis hederifolia,LC
Physalis peruviana,LC
Physalis pubescens,LC
Physalis virginiana,LC
Physella acuta,LC
Physoplexis comosa,LC
Picea abies,LC
Picea engelmannii,LC
Picea glauca,LC
Picea mariana,LC
Picea omorika,EN
Picea pungens,LC
Picea rubens,LC
Picea sitchensis,LC
Picramnia antidesma,LC
Picramnia pentandra,LC
Picrasma javanica,LC
Pieris japonica,LC
Piliostigma thonningii,LC
Pinguicula vulgaris,LC
Pinus banksiana,LC
Pinus brutia,LC
Pinus cembra,LC
Pinus contorta,LC
Pinus edulis,LC
Pinus elliottii,LC
Pinus engelmannii,LC
Pinus halepensis,LC
Pinus jeffreyi,LC
Pinus kesiya,LC
Pinus lambertiana,LC
Pinus leiophylla,LC
Pinus markusii,VU
Pinus merkusii,VU
Pinus monticola,NT
Pinus mugo,LC
Pinus nigra,LC
Pinus oocarpa,LC
Pinus palustris,EN
Pinus patula,LC
Pinus pinaster,LC
Pinus pinea,LC
Pinus ponderosa,LC
Pinus radiata,EN
Pinus resinosa,LC
Pinus rigida,LC
Pinus roxburghii,LC
Pinus sabiniana,LC
Pinus strobiformis,LC
Pinus strobus,LC
Pinus sylvestris,LC
Pinus teocote,LC
Pinus virginiana,LC
Piper aduncum,LC
Pipiza fasciata,LC
Pipiza lugubris,LC
Pipiza luteitarsis,LC
Pipiza noctiluca,LC
Pipiza notata,LC
Pipizella annulata,NT
Pipizella nigriana,EN
Pipizella zeneggenensis,LC
Piptadenia gonoacantha,LC
Pipturus arborescens,LC
Piscidia carthagenensis,LC
Piscidia piscipula,LC
Pisidium casertanum,LC
Pisidium conventus,LC
Pisidium dorbignyi,LC
Pisidium henslowanum,LC
Pisidium lilljeborgi,LC
Pisidium nitidum,LC
Pisidium subtruncatum,LC
Pisidium supinum,LC
Pisonia aculeata,LC
Pistacia atlantica,NT
Pistacia lentiscus,LC
Pistacia terebinthus,LC
Pistacia vera,NT
Pithecellobium angulatum,LC
Pithecellobium dulce,LC
Pithecellobium ebano,LC
Pithecellobium keyense,LC
Pithecellobium lucidum,LC
Pittosporum senacia,LC
Pituophis catenifer,LC
Planorbarius corneus,LC
Planorbis planorbis,LC
Plantago major,LC
Plantago maritima,LC
Platanthera blephariglottis,LC
Platanthera leucophaea,LC
Platanus occidentalis,LC
Platanus orientalis,DD
Plathymenia reticulata,LC
Platybelone argalus,LC
Platybelone argatus,LC
Platycheirus ramsarensis,LC
Platycheirus tatricus,LC
Platycladus orientalis,NT
Platycnemis pennipes,LC
Pleroma martiale,LC
Pleuronectes platessa,LC
Pleuronectes quadrituberculatus,LC
Plocama pendula,LC
Poa angustifolia,LC
Poa annua,LC
Poa palustris,LC
Poa pratensis,LC
Podarcis lilfordi,NT
Podarcis muralis,LC
Podocarpus macrophyllus,LC
Podophyllum peltatum,LC
Poecilandra retusa,LC
Polyalthia longfolia,LC
Polyalthia longifolia,LC
Polyalthia pendula,EN
Polyalthia simiarum,LC
Polygala calcarea,LC
Polygonia interrogationis,LC
Polyommatus coridon,LC
Polyscias crassa,VU
Polyspora axillaris,LC
Pomaria jamesii,LC
Pomatomus saltatrix,VU
Pomatoschistus microps,LC
Pomoxis nigromaculatus,LC
Pongamia pinnata,LC
Pontederia vaginalis,LC
Pontia daplidice,LC
Pontia helice,LC
Populus alba,LC
Populus angustifolia,LC
Populus balsamifera,LC
Populus deltoides,LC
Populus euphratica,LC
Populus fremontii,LC
Populus grandidentata,LC
Populus nigra,DD
Populus pruinosa,NT
Populus tremula,LC
Populus tremuloides,LC
Populus trichocarpa,LC
Portevinia maculata,LC
Portulaca oleracea,LC
Portulacaria afra,LC
Potamogeton lucens,LC
Potamogeton natans,LC
Potamogeton pectinatus,LC
Potamopyrgus antipodarum,LC
Potentilla anserina,LC
Potentilla delphinensis,VU
Potentilla diversifolia,LC
Potentilla egedii,LC
Potentilla norvegica,LC
Potentilla palustris,LC
Potentilla supina,LC
Premna serratifolia,LC
Prestoea acuminata,LC
Primula glaucescens,LC
Priolepis semidoliata,LC
Prionace glauca,NT
Procambarus clarkii,LC
Prosopis glandulosa,LC
Prosopis glandulosa/velutina,LC
Prosopis juliflora,LC
Protea caffra,LC
Protographium leosthenes,LC
Protosmia capitata,DD
Protosmia minutula,DD
Prunella vulgaris,LC
Prunus africana,VU
Prunus americana,LC
Prunus angustifolia,LC
Prunus armeniaca,DD
Prunus avium,LC
Prunus caroliniana,LC
Prunus cerasifera,DD
Prunus cocomilia,LC
Prunus domestica,DD
Prunus emarginata,LC
Prunus ilicifolia,LC
Prunus incisa,DD
Prunus integrifolia,LC
Prunus laurocerasus,LC
Prunus lusitanica,LC
Prunus mahaleb,LC
Prunus maritima,DD
Prunus mexicana,LC
Prunus padus,LC
Prunus pensylvanica,LC
Prunus salicina,LC
Prunus serotina,LC
Prunus serrulata,LC
Prunus sibirica,LC
Prunus spinosa,LC
Prunus virginiana,LC
Pseudacris regilla,LC
Pseudophilotes baton,LC
Pseudospondias microcarpa,LC
Pseudotsuga menziesii,LC
Pseuduvaria froggattii,LC
Psidium acutangulum,LC
Psidium guajava,LC
Psilota exilistyla,DD
Psoralea corylifolia,LC
Psychotria areolata,NT
Psychotria glabrata,LC
Psylliodes luridipennis,CR
Ptaeroxylon obliquum,LC
Ptelea crenulata,LC
Ptelea trifoliata,LC
Pterocarpus indicus,EN
Pterocarya rhoifolia,LC
Pterogymnus laniarius,LC
Pterospermum acerifolium,LC
Ptychosperma macarthuri,LC
Pulicaria vulgaris,LC
Pulmonaria officinalis,LC
Pulsatilla halleri,LC
Pulsatilla vernalis,LC
Pulsatilla vulgaris,NT
Punica granatum,LC
Pupalia lappacea,LC
Purpuricenus desfontainii,LC
Purshia stansburyana,LC
Pyracantha angustifolia,LC
Pyracantha crenulata,LC
Pyrostria bibracteata,LC
Pyrrhosoma nymphula,LC
Pyrus amygdaliformis,LC
Pyrus communis,LC
Pyrus nivalis,DD
Pyrus pyraster,LC
Quadrella indica,LC
Quercus acutissima,LC
Quercus agrifolia,LC
Quercus alba,LC
Quercus aliena,LC
Quercus alnifolia,LC
Quercus arizonica,LC
Quercus bicolor,LC
Quercus canariensis,DD
Quercus castaneifolia,NT
Quercus cerris,LC
Quercus chrysolepis,LC
Quercus coccifera,LC
Quercus coccinea,LC
Quercus conzattii,LC
Quercus dalechampii,DD
Quercus dentata,LC
Quercus durata,LC
Quercus engelmannii,EN
Quercus faginea,LC
Quercus falcata,LC
Quercus floribunda,LC
Quercus gambelii,LC
Quercus garryana,LC
Quercus glauca,LC
Quercus ilex,LC
Quercus imbricaria,LC
Quercus infectoria,LC
Quercus ithaburensis,LC
Quercus kelloggii,LC
Quercus laurifolia,LC
Quercus lyrata,LC
Quercus macranthera,LC
Quercus macrocarpa,LC
Quercus marilandica,LC
Quercus microphylla,LC
Quercus mongolica,LC
Quercus muehlenbergii,LC
Quercus myrsinifolia,LC
Quercus nigra,LC
Quercus palustris,LC
Quercus peduncularis,LC
Quercus petraea,LC
Quercus phellos,LC
Quercus prinus,LC
Quercus pubescens,LC
Quercus pyrenaica,LC
Quercus robur,LC
Quercus rubra,LC
Quercus semecarpifolia,LC
Quercus serrata,LC
Quercus shumardii,LC
Quercus stellata,LC
Quercus suber,LC
Quercus variabilis,LC
Quercus velutina,LC
Quercus wislizeni,LC
Quillaja saponaria,LC
Randia aculeata,LC
Ranunculus aquatilis,LC
Ranunculus flammula,LC
Ranunculus fluitans,LC
Ranunculus hederaceus,LC
Ranunculus hispidus,LC
Ranunculus lingua,LC
Ranunculus penicillatus,LC
Ranunculus reptans,LC
Ranunculus rionii,LC
Ranunculus sceleratus,LC
Ranunculus trichophyllus,LC
Rattus norvegicus,LC
Rattus rattus,LC
Rhamnus alaternus,LC
Rhamnus cathartica,LC
Rhamnus crocea,LC
Rhamnus davurica,LC
Rhaphiolepis indica,LC
Rhaphithamnus spinosus,LC
Rhinoptera neglecta,DD
Rhizophora apiculata,LC
Rhizophora mangle,LC
Rhizoprionodon porosus,VU
Rhododendron ferrugineum,LC
Rhododendron hirsutum,LC
Rhododendron viscosum,LC
Rhodomyrtus tomentosa,LC
Rhus chinensis,LC
Rhus copallina,LC
Rhus glabra,LC
Rhus nataliensis,LC
Rhus typhina,LC
Rhynchosia minima,LC
Rhynchospora alba,LC
Ripponia hypolitus,LC
Ritchiea albersii,LC
Robinia neomexicana,LC
Robinia pseudoacacia,LC
Rollinia mucosa,LC
Rorippa amphibia,LC
Rorippa austriaca,LC
Rorippa curvisiliqua,LC
Rorippa islandica,LC
Rorippa microphylla,LC
Rorippa sylvestris,LC
Rosa acicularis,LC
Rosa pendulina,LC
Rosa rhaetica,DD
Roscheria melanochaetes,NT
Rourea orientalis,LC
Roystonea regia,LC
Rubus arcticus,LC
Rubus chamaemorus,LC
Rubus ellipticus,LC
Rubus pubescens,LC
Rumex hydrolapathum,LC
Rumex palustris,LC
Ruprechtia laxiflora,LC
Sabal bermudana,EN
Sabal palmetto,LC
Saccharum spontaneum,LC
Saccopteryx leptura,LC
Sagittaria graminea,LC
Sagittaria latifolia,LC
Sagittaria sagittifolia,LC
Sagittaria trifolia,LC
Salix amygdaloides,LC
Salix apennina,LC
Salix appendiculata,LC
Salix atrocinerea,LC
Salix babylonica,DD
Salix bebbiana,LC
Salix candida,LC
Salix caprea,LC
Salix caroliniana,LC
Salix cinerea,LC
Salix daphnoides,LC
Salix discolor,LC
Salix elaeagnos,LC
Salix eleagnos,LC
Salix eriocephala,LC
Salix exigua,LC
Salix foetida,LC
Salix glabra,LC
Salix glauca,LC
Salix gooddingii,LC
Salix helvetica,LC
Salix humboldtiana,LC
Salix interior,LC
Salix laggeri,LC
Salix lanata,LC
Salix lasiolepis,LC
Salix lucida,LC
Salix lutea,LC
Salix monticola,LC
Salix myrsinifolia,LC
Salix nigra,LC
Salix nigricans,LC
Salix pentandra,LC
Salix phylicifolia,LC
Salix planifolia,LC
Salix purpurea,LC
Salix schwerinii,LC
Salix sieboldiana,LC
Salix sitchensis,LC
Salix triandra,LC
Salix udensis,LC
Salix viminalis,LC
Salix waldsteiniana,LC
Salvadora persica,LC
Salvelinus fontinalis,LC
Salvia officinalis,LC
Samanea saman,LC
Sambucus racemosa,LC
Samolus valerandi,LC
Sandoricum indicum,LC
Sandoricum koetjape,LC
Sanguinaria canadensis,LC
Sanguisorba dodecandra,NT
Sanguisorba officinalis,LC
Santalum album,VU
Sapindus saponaria,LC
Sapium ellipticum,LC
Saraca asoca,VU
Saraca indica,LC
Sarcosperma arboreum,LC
Sardinops sagax,LC
Sarpa salpa,LC
Sarracenia alata,NT
Saruma henryi,EN
Sassafras albidum,LC
Sassafras randaiense,NT
Sassafras tzumu,LC
Saurauia brachybotrys,LC
Saurauia roxburghii,LC
Saurida gracilis,LC
Saxifraga hirculus,LC
Saxifraga presolanensis,EN
Saxifraga valdensis,NT
Scalesia affinis,LC
Scalesia helleri,VU
Scalesia pedunculata,VU
Scalopus aquaticus,LC
Sceloporus occidentalis,LC
Schaefferia frutescens,LC
Schefflera ferruginea,LC
Schefflera heptaphylla,LC
Schefflera vitiensis,LC
Schima wallichii,LC
Schinus molle,LC
Schleichera oleosa,LC
Schoenoplectus lacustris,LC
Schoenoplectus tabernaemontani,LC
Scirpoides holoschoenus,LC
Scirpus atrovirens,LC
Scirpus hattorianus,LC
Scirpus maritimus,LC
Scirpus pendulus,LC
Scirpus sylvaticus,LC
Sciurus carolinensis,LC
Sciurus griseus,LC
Sclerocactus brevihamatus,LC
Scomber japonicus,LC
Scomberesox saurus,LC
Scomberomorus cavalla,LC
Scomberomorus maculatus,LC
Scomberomorus regalis,LC
Scrophularia umbrosa,LC
Scutellaria galericulata,LC
Scutellaria lateriflora,LC
Selar crumenophthalmus,LC
Selar crumenophthatmus,LC
Senegalia brevispica,LC
Senegalia greggii,LC
Senegalia mellifera,LC
Senegalia polyacantha,LC
Senegalia senegal,LC
Senna alata,LC
Senna alexandrina,LC
Senna bicapsularis,LC
Senna corymbosa,LC
Senna didymobotrya,LC
Senna obtusifolia,LC
Senna occidentalis,LC
Senna petersiana,LC
Senna pistaciifolia,LC
Senna siamea,LC
Senna spectabilis,LC
Senna sulfurea,LC
Senna surattensis,LC
Senna viarum,LC
Sequoia sempervirens,EN
Sericomyia bombiformis,LC
Seriola dumerili,LC
Sesbania bispinosa,LC
Sesbania cannabina,LC
Sesbania grandiflora,DD
Sesbania javanica,LC
Sesbania roxburghii,LC
Sesbania sesban,LC
Sesuvium portulacastrum,LC
Shorea maxima,NT
Shorea robusta,LC
Sideritis hyssopifolia,LC
Sideritis scardica,NT
Silene vulgaris,LC
Silybum marianum,LC
Siparuna laurifolia,LC
Sisymbrella aspera,LC
Sium suave,LC
Sloanea sigun,LC
Smithia sensitiva,LC
Solanecio mannii,LC
Solanum aphyodendron,LC
Solanum cheesmaniae,LC
Solanum chrysotrichum,LC
Solanum etuberosum,LC
Solidago sempervirens,LC
Sonchus palustris,LC
Sophora flavescens,LC
Sorbus alnifolia,LC
Sorbus americana,LC
Sorbus aucuparia,LC
Sorbus chamaemespilus,LC
Sorbus commixta,LC
Sorbus domestica,LC
Soulamea terminalioides,VU
Sparganium emersum,LC
Sparganium erectum,LC
Spergularia media,LC
Speyeria cybele,LC
Sphaerium corneum,LC
Sphaerium nucleus,LC
Sphaerium ovale,LC
Sphaerophoria batava,LC
Sphaerophoria estebani,DD
Sphaerophoria fatarum,NT
Sphaerophoria infuscata,LC
Sphegina latifrons,LC
Sphyraena barracuda,LC
Sphyraena borealis,LC
Sphyrna lewini,CR
Sphyrna mokarran,CR
Sphyrna tiburo,EN
Sphyrna zygaena,VU
Spiraea cantoniensis,LC
Spiranthes diluvialis,LC
Spiranthes romanzoffiana,LC
Spiranthes sinensis,LC
Spirodela polyrhiza,LC
Squalus megalops,LC
Squatina dumeril,LC
Stachys palustris,LC
Stachytapheta jamaicensis,LC
Stachytarpheta jamaicensis,LC
Stachyurus himalaicus,LC
Staphylea bumalda,LC
Staphylea pinnata,LC
Staphylea trifolia,LC
Stelis franconica,DD
Stellifer lanceolatus,LC
Sthenoteuthis oualaniensis,LC
Strongylura timucu,LC
Strychnos nux-blanda,LC
Strychnos nux-vomica,LC
Stylurus flavipes,LC
Styrax americanus,LC
Styrax japonicus,LC
Sus scrofa,LC
Swietenia macrophylla,EN
Syagrus romanzoffiana,LC
Sylvilagus aquaticus,LC
Sylvilagus floridanus,LC
Sympetrum corruptum,LC
Symphiotrichum lanceolatum,LC
Symphyotrichum lanceolatum,LC
Symphyotrichum praealtum,LC
Symphyotrichum puniceum,LC
Symphyotrichum subulatum,LC
Symplocos arechea,LC
Symplocos cochinchinensis,LC
Symplocos paniculata,LC
Syringa vulgaris,LC
Syrphus admirandus,DD
Syzygium cumini,LC
Syzygium jambos,LC
Syzygium samarangense,LC
Tabebuia heterophylla,LC
Tabebuia pallida,LC
Tabernaemontana divaricata,LC
Tabernaemontana elegans,LC
Tamaridus indica,LC
Tamarindus indica,LC
Tamarix chinensis,LC
Tamarix dalmatica,LC
Tamarix gallica,LC
Tamarix parviflora,LC
Tamarix tenuissima,LC
Tamiasciurus hudsonicus,LC
Tanacetum cinerariifolium,LC
Tarentola mauritanica,LC
Tautoga onitis,VU
Taxodium distichum,LC
Taxodium mucronatum,LC
Taxus baccata,LC
Teclea natalensis,LC
Teclea nobilis,LC
Teclea simplicifolia,LC
Teclea swynnertonii,LC
Tecoma stans,LC
Tecomaria capensis,LC
Tectona grandis,EN
Teinopalpus imperialis,NT
Tephrosia vogelii,LC
Terminalia brassii,NT
Terminalia brownii,LC
Terminalia catappa,LC
Terminalia chebula,LC
Terminalia complanata,LC
Terminalia ivorensis,VU
Terminalia paniculata,LC
Terminalia solomonensis,LC
Tetradium daniellii,LC
Tetradium ruticarpum,LC
Tetrapanax papyrifer,LC
Thamnophis sirtalis,LC
Thelypteris palustris,LC
Thermopsis divaricarpa,LC
Thermopsis macrophylla,LC
Thermopsis rhombifolia,LC
Thespesia grandiflora,LC
Thespesia populnea,LC
Thinopyrum intermedium,LC
Thuja occidentalis,LC
Thuja orientalis,NT
Thuja plicata,LC
Thunnus albacares,LC
Thymelaea velutina,VU
Thymus mastichina,LC
Thymus vulgaris,LC
Thysanoteuthis rhombus,LC
Tilia americana,LC
Tilia cordata,LC
Tilia japonica,LC
Tilia miqueliana,DD
Tilia platyphyllos,LC
Tilia tomentosa,LC
Timonius flavescens,LC
Tinca tinca,LC
Tournefortiopsis crispiflora,LC
Toxicodendron striatum,LC
Toxicodendron succedaneum,LC
Toxicodendron sylvestre,LC
Trachinotus falcatus,LC
Trachinotus goodei,LC
Trachurus capensis,LC
Trapa natans,LC
Trema orientale,LC
Triadenum virginicum,LC
Triadica sebifera,LC
Tribulis terrestris,LC
Trichophorum alpinum,LC
Trifolium alpinum,LC
Trifolium angustifolium,LC
Trifolium incarnatum,LC
Trifolium parryi,LC
Trifolium pratens,LC
Trifolium pratense,LC
Trifolium saxatile,NT
Trifolium scabrum,LC
Trifolium subterraneum,LC
Trigla lyra,LC
Triglochin maritima,LC
Triglochin palustris,LC
Trillium catesbaei,LC
Trillium grandiflorum,LC
Trillium texanum,LC
Trillium undulatum,LC
Trimorphodon lyrophanes,LC
Triplochiton scleroxylon,LC
Tripodanthus acutifolius,LC
Triticum dicoccon,LC
Triticum monococcum,LC
Triticum polonicum,LC
Triticum turgidum,LC
Troides aeacus,LC
Troides alexandrae,EN
Troides amphrysus,LC
Troides andromache,VU
Troides brookiana,LC
Troides chimaera,LC
Troides cuneifera,LC
Troides goliath,LC
Troides helena,LC
Troides magellanus,LC
Troides minos,LC
Troides miranda,LC
Troides oblongomaculatus,LC
Troides priamus,LC
Troides rhadamantus,LC
Troides trojana,NT
Troides victoriae,LC
Tsuga canadensis,NT
Tsuga heterophylla,LC
Tsuga mertensiana,LC
Turnera ulmifolia,LC
Tylosurus acus,LC
Tylosurus crocodilus,LC
Typha angustifolia,LC
Typha latifolia,LC
Ulex europaeus,LC
Ulex gallii,LC
Ulex minor,LC
Ulmus americana,EN
Ulmus davidiana,LC
Ulmus glabra,DD
Ulmus laciniata,LC
Ulmus laevis,DD
Ulmus minor,DD
Ulmus parvifolia,LC
Ulmus pumila,LC
Ulmus rubra,LC
Ulmus thomasii,LC
Umbellularia californica,LC
Urena lobata,LC
Urginea maritima,LC
Ursus americanus,LC
Urtica dioica,LC
Uvaria angolensis,LC
Uvaria caffra,LC
Uvaria leptocladon,LC
Vaccinium macrocarpon,LC
Vaccinium meridionale,LC
Vaccinium oxycoccos,LC
Vaccinium stenophyllum,LC
Vaccinium vitis-idaea,LC
Vachellia elatior,LC
Vachellia farnesiana,LC
Vachellia hockii,LC
Vachellia rigidula,LC
Vachellia tortilis,LC
Valeriana dioica,LC
Valeriana tuberosa,LC
Vallesia glabra,LC
Valvata macrostoma,LC
Valvata piscinalis,LC
Valvata studeri,LC
Vanessa annabella,LC
Vanessa atalanta,LC
Vanessa cardui,LC
Vanessa virginiensis,LC
Varronia bullata,LC
Vauquelinia californica,LC
Veitchia merrillii,VU
Vepris bachmannii,LC
Vepris eugeniifolia,LC
Vepris natalensis,LC
Vepris nobilis,LC
Vernicia fordii,LC
Veronica anagallis-aquatica,LC
Veronica anagalloides,LC
Veronica beccabunga,LC
Veronica catenata,LC
Veronica peregrina,LC
Veronica scutellata,LC
Veronica serpyllifolia,LC
Viburnum lentago,LC
Viburnum odoratissimum,LC
Viburnum prunifolium,LC
Viburnum tinus,LC
Viburnum toronis,LC
Vicia cretica,LC
Vicia ervilia,LC
Vicia grandiflora,LC
Vicia hybrida,LC
Vicia lathyroides,LC
Vicia lutea,LC
Vicia narbonensis,LC
Vicia orobus,LC
Vicia pannonica,LC
Vicia peregrina,LC
Vicia pisiformis,LC
Vicia pyrenaica,LC
Vicia sativa,LC
Vicia sepium,LC
Vigna luteola,LC
Vigna marina,LC
Viola palustris,LC
Virola surinamensis,LC
Vismia lauriformis,LC
Vitex agnus-castus,DD
Vitex megapotamica,LC
Vitex negundo,LC
Vitex trifolia,LC
Vitis vinifera,LC
Volucella elegans,LC
Waltheria indica,LC
Warburgia salutaris,VU
Weigela subsessilis,LC
Wendtandia formosana,LC
Wrightia arborea,LC
Wrightia tinctoria,LC
Xylosalsola paletzkiana,DD
Xylosalsola richteri,LC
Yucca filamentosa,LC
Zantedeschia aethiopica,LC
Zanthoxylum acanthopodium,LC
Zanthoxylum americanum,LC
Zanthoxylum armatum,LC
Zanthoxylum avicennae,LC
Zanthoxylum brachyacanthum,LC
Zanthoxylum bungeanum,LC
Zanthoxylum capense,LC
Zanthoxylum caribaeum,LC
Zanthoxylum clava-herculis,LC
Zanthoxylum elephantiasis,LC
Zanthoxylum fagara,LC
Zanthoxylum hirsutum,LC
Zanthoxylum martinicense,LC
Zanthoxylum nitida,LC
Zanthoxylum nitidum,LC
Zanthoxylum oxyphyllum,LC
Zanthoxylum rhetsa,LC
Zanthoxylum rhoifolium,LC
Zanthoxylum setulosum,LC
Zea mays,LC
Zelkova serrata,NT
Zenaida macroura,LC
Zerene cesonia,LC
Ziziphus jujuba,LC
Ziziphus mauritiana,LC
Ziziphus mucronata,LC
Ziziphus zizyphus,LC
Zonotrichia albicollis,LC
Zostera marina,LC
